{"\u042f": 0.13225058004640372, "\u0414": 0.08352668213457076, "4": 0.0765661252900232, "t": 0.06960556844547564, "\u041c": 0.06728538283062645, " ": 0.060324825986078884, "\u041e": 0.05104408352668213, "\u0420": 0.05104408352668213, "\u041f": 0.03480278422273782, "\u0411": 0.03248259860788863, "\u041a": 0.027842227378190254, "\u041b": 0.027842227378190254, "5": 0.027842227378190254, "2": 0.025522041763341066, "\u042c": 0.02088167053364269, "\n": 0.02088167053364269, "\u042a": 0.018561484918793503, "\u0429": 0.018561484918793503, "\u0423": 0.018561484918793503, "\u0419": 0.016241299303944315, "r": 0.013921113689095127, "\u0425": 0.013921113689095127, "\u0422": 0.013921113689095127, ">": 0.013921113689095127, "\u0415": 0.01160092807424594, "\u0418": 0.009280742459396751, "1": 0.009280742459396751, "\u042b": 0.009280742459396751, "\u0410": 0.009280742459396751, "\u0426": 0.004640371229698376, "\u0427": 0.002320185614849188, "w": 0.002320185614849188, "\u0424": 0.002320185614849188, "?": 0.002320185614849188}